time,area,weather,max_temperature,min_temperature,aqi,aqiLevel,wind_direction,wind_power,aqiInfo
20210101,宜兴,雨夹雪-晴,4,-4,60,2,西南风,2级,良
20210102,宜兴,多云-晴,7,-2,89,2,东南风,2级,良
20210103,宜兴,晴,9,4,93,2,东南风,3级,良
20210104,宜兴,阴-小雨,11,4,67,2,东风,2级,良
20210105,宜兴,阴,8,0,77,2,东北风,3级,良
20210106,宜兴,阴-多云,3,-7,67,2,北风,2级,良
20210107,宜兴,阴-多云,-3,-7,60,2,西北风,4级,良
20210108,宜兴,多云,0,-7,58,2,西北风,3级,良
20210109,宜兴,晴,4,-5,64,2,西风,2级,良
20210110,宜兴,多云,6,-3,86,2,西北风,2级,良
20210111,宜兴,小雨-晴,6,-3,87,2,西风,3级,良
20210112,宜兴,晴,11,0,83,2,西南风,3级,良
20210113,宜兴,多云,15,2,79,2,西南风,2级,良
20210114,宜兴,阴-晴,13,2,101,3,东南风,2级,轻度
20210115,宜兴,晴-阴,18,1,134,3,西北风,微风,轻度
20210116,宜兴,阴-多云,6,-1,70,2,东北风,3级,良
20210117,宜兴,多云-晴,7,-2,75,2,西北风,2级,良
20210118,宜兴,晴,11,0,89,2,西南风,2级,良
20210119,宜兴,晴,10,4,105,3,东南风,3级,轻度
20210120,宜兴,晴-小雨,14,10,60,2,东南风,3级,良
20210121,宜兴,小雨,13,8,111,3,西北风,2级,轻度
20210122,宜兴,中雨,10,6,106,3,东北风,2级,轻度
20210123,宜兴,小雨-多云,7,2,86,2,北风,2级,良
20210124,宜兴,多云-阴,6,5,137,3,东风,2级,轻度
20210125,宜兴,小雨,10,8,81,2,东南风,2级,良
20210126,宜兴,阴,6,3,85,2,西风,3级,良
20210127,宜兴,阴-多云,8,5,104,3,东风,2级,轻度
20210128,宜兴,多云-晴,11,-3,112,3,西北风,3级,轻度
20210129,宜兴,晴,8,1,72,2,东南风,微风,良
20210130,宜兴,多云,11,8,78,2,东南风,2级,良
20210131,宜兴,阴-小雨,15,8,90,2,西南风,1级,良
20210201,宜兴,小雨-多云,9,2,101,3,西风,2级,轻度
20210202,宜兴,晴-多云,7,3,101,3,东风,2级,轻度
20210203,宜兴,多云-晴,13,5,95,2,东南风,微风,良
20210204,宜兴,晴-小雨,11,6,106,3,东风,2级,轻度
20210205,宜兴,小雨-晴,9,5,91,2,东南风,2级,良
20210206,宜兴,晴,16,4,80,2,西南风,2级,良
20210207,宜兴,多云-阵雨,17,5,97,2,东北风,2级,良
20210208,宜兴,小雨-多云,9,1,36,1,东北风,3级,优
20210209,宜兴,多云-晴,10,5,35,1,东南风,3级,优
20210210,宜兴,阴-小雨,10,7,43,1,东南风,微风,优
20210211,宜兴,中雨-阴,10,7,57,2,东南风,3级,良
20210212,宜兴,阴,12,8,58,2,东南风,3级,良
20210213,宜兴,阴-多云,16,9,59,2,东南风,3级,良
20210214,宜兴,小雨-晴,20,8,62,2,西南风,3级,良
20210215,宜兴,阴,13,4,79,2,东北风,2级,良
20210216,宜兴,阴-晴,15,1,55,2,东北风,2级,良
20210217,宜兴,晴,8,-3,40,1,东北风,微风,优
20210218,宜兴,晴,11,1,45,1,西北风,2级,优
20210219,宜兴,晴,17,9,52,2,西南风,2级,良
20210220,宜兴,晴,25,9,46,1,西南风,3级,优
20210221,宜兴,小雨-晴,26,14,43,1,西南风,2级,优
20210222,宜兴,阴-晴,25,6,73,2,东北风,3级,良
20210223,宜兴,阴-多云,13,6,48,1,东风,4级,优
20210224,宜兴,多云-小雨,14,9,48,1,东南风,4级,优
20210225,宜兴,中雨-小雨,12,8,46,1,东北风,3级,优
20210226,宜兴,中雨-小雨,8,7,36,1,东北风,3级,优
20210227,宜兴,小雨,12,9,54,2,东风,3级,良
20210228,宜兴,阴-小雨,13,11,54,2,东南风,3级,良
20210301,宜兴,中雨-阵雨,12,3,54,2,西北风,3级,良
20210302,宜兴,小雨-晴,12,4,44,1,北风,2级,优
20210303,宜兴,多云-小雨,11,7,56,2,东南风,3级,良
20210304,宜兴,阴-多云,17,6,67,2,西风,2级,良
20210305,宜兴,阴-小雨,12,9,118,3,东南风,3级,轻度
20210306,宜兴,小雨,10,5,57,2,东北风,3级,良
20210307,宜兴,小雨-阴,7,5,55,2,北风,2级,良
20210308,宜兴,阴-小雨,12,8,95,2,东风,2级,良
20210309,宜兴,小雨-多云,10,6,77,2,东风,2级,良
20210310,宜兴,晴-小雨,15,9,74,2,东南风,3级,良
20210311,宜兴,小雨-阴,11,9,90,2,东南风,微风,良
20210312,宜兴,阴,13,5,68,2,西北风,2级,良
20210313,宜兴,阴-晴,15,7,96,2,东南风,2级,良
20210314,宜兴,多云,17,11,123,3,东南风,3级,轻度
20210315,宜兴,小雨-中雨,19,11,131,3,东南风,2级,轻度
20210316,宜兴,阴-小雨,13,8,101,3,东北风,3级,轻度
20210317,宜兴,小雨-阴,10,9,71,2,东风,3级,良
20210318,宜兴,阴-小雨,13,11,62,2,东风,2级,良
20210319,宜兴,小雨,12,9,71,2,东北风,2级,良
20210320,宜兴,小雨-阴,10,8,59,2,西北风,2级,良
20210321,宜兴,多云,14,3,104,3,西北风,3级,轻度
20210322,宜兴,晴,16,7,49,1,西北风,2级,优
20210323,宜兴,阴-多云,18,9,72,2,东南风,微风,良
20210324,宜兴,阴-晴,19,9,70,2,西风,微风,良
20210325,宜兴,晴,22,10,84,2,东南风,2级,良
20210326,宜兴,多云-小雨,23,15,60,2,东南风,3级,良
20210327,宜兴,阴,19,11,57,2,西南风,2级,良
20210328,宜兴,阴-晴,24,13,73,2,西南风,2级,良
20210329,宜兴,多云-阴,25,15,104,3,东南风,微风,轻度
20210330,宜兴,扬沙-中雨,19,13,147,3,东风,3级,轻度
20210331,宜兴,小雨-阵雨,15,14,131,3,东风,3级,轻度
20210401,宜兴,小雨,15,14,57,2,东北风,2级,良
20210402,宜兴,阴-多云,18,14,79,2,西北风,2级,良
20210403,宜兴,小雨-多云,16,10,50,1,西北风,3级,优
20210404,宜兴,晴,18,6,41,1,北风,3级,优
20210405,宜兴,多云-阴,18,10,50,1,东北风,2级,优
20210406,宜兴,多云,20,11,60,2,东南风,2级,良
20210407,宜兴,阴-小雨,16,11,49,1,东南风,2级,优
20210408,宜兴,阴-晴,19,7,54,2,东风,2级,良
20210409,宜兴,晴,20,8,60,2,东风,2级,良
20210410,宜兴,多云-小雨,20,13,54,2,东南风,3级,良
20210411,宜兴,小雨,17,15,58,2,东南风,3级,良
20210412,宜兴,小雨-晴,16,14,75,2,西风,2级,良
20210413,宜兴,多云,21,11,93,2,东北风,3级,良
20210414,宜兴,阴-多云,14,10,44,1,东风,3级,优
20210415,宜兴,阴-晴,18,11,45,1,东南风,3级,优
20210416,宜兴,阴-晴,24,12,119,3,西北风,微风,轻度
20210417,宜兴,阴,21,9,128,3,西北风,微风,轻度
20210418,宜兴,阴-晴,19,11,59,2,东南风,2级,良
20210419,宜兴,晴-多云,23,12,71,2,东南风,3级,良
20210420,宜兴,阴-多云,21,16,57,2,东南风,3级,良
20210421,宜兴,小雨,23,17,55,2,东南风,3级,良
20210422,宜兴,中雨-阴,18,16,61,2,东南风,2级,良
20210423,宜兴,阴,22,17,85,2,西北风,2级,良
20210424,宜兴,阴-阵雨,17,16,87,2,东北风,2级,良
20210425,宜兴,阴,21,15,66,2,东风,2级,良
20210426,宜兴,多云-小雨,24,17,49,1,东南风,微风,优
20210427,宜兴,中雨-晴,18,14,70,2,东南风,1级,良
20210428,宜兴,多云,23,14,119,3,西北风,微风,轻度
20210429,宜兴,晴,24,18,74,2,西南风,微风,良
20210430,宜兴,多云-雷阵雨,34,16,68,2,西南风,3级,良
20210501,宜兴,晴,27,15,54,2,西北风,2级,良
20210502,宜兴,晴-多云,23,15,46,1,东风,3级,优
20210503,宜兴,阴-中雨,26,20,60,2,东南风,4级,良
20210504,宜兴,小雨-多云,21,14,47,1,西风,3级,优
20210505,宜兴,多云,25,15,79,2,东南风,2级,良
20210506,宜兴,阴-小雨,24,18,57,2,东南风,2级,良
20210507,宜兴,多云,28,17,75,2,西北风,3级,良
20210508,宜兴,阴-晴,33,20,165,4,西南风,2级,中度
20210509,宜兴,晴,32,21,85,2,东南风,2级,良
20210510,宜兴,阴-雷阵雨,33,23,77,2,东南风,2级,良
20210511,宜兴,小雨,23,19,65,2,北风,2级,良
20210512,宜兴,中雨-阵雨,21,19,70,2,东北风,2级,良
20210513,宜兴,阴-雷阵雨,22,20,67,2,东南风,3级,良
20210514,宜兴,小雨-雷阵雨,28,24,54,2,东南风,2级,良
20210515,宜兴,阴-小雨,32,24,35,1,西南风,2级,优
20210516,宜兴,小雨,27,16,26,1,西风,3级,优
20210517,宜兴,多云,24,16,60,2,西北风,2级,良
20210518,宜兴,阴-多云,24,17,68,2,东南风,2级,良
20210519,宜兴,小雨,20,17,49,1,东南风,3级,优
20210520,宜兴,阴,19,15,45,1,西北风,2级,优
20210521,宜兴,多云,24,19,85,2,东南风,3级,良
20210522,宜兴,多云-小雨,25,18,69,2,东南风,3级,良
20210523,宜兴,大雨-小雨,20,17,32,1,东南风,2级,优
20210524,宜兴,多云,28,20,75,2,西风,2级,良
20210525,宜兴,多云-小雨,32,19,97,2,西南风,2级,良
20210526,宜兴,暴雨-多云,20,19,64,2,东北风,2级,良
20210527,宜兴,多云,29,22,45,1,西南风,2级,优
20210528,宜兴,阴-多云,28,20,53,2,西风,3级,良
20210529,宜兴,阴-多云,29,20,64,2,南风,2级,良
20210530,宜兴,多云-阴,31,21,74,2,东南风,2级,良
20210531,宜兴,多云-晴,29,22,68,2,东南风,3级,良
20210601,宜兴,多云-阵雨,28,22,35,1,东南风,4级,优
20210602,宜兴,小雨-阵雨,26,22,31,1,东南风,3级,优
20210603,宜兴,阴-阵雨,26,19,61,2,西北风,3级,良
20210604,宜兴,阴-多云,28,18,57,2,西南风,2级,良
20210605,宜兴,晴,31,19,72,2,西南风,2级,良
20210606,宜兴,晴,32,20,97,2,东南风,2级,良
20210607,宜兴,阴-多云,32,22,79,2,东南风,3级,良
20210608,宜兴,阴-多云,29,25,48,1,东南风,3级,优
20210609,宜兴,阴-雷阵雨,30,24,72,2,东南风,3级,良
20210610,宜兴,阴,28,24,38,1,东南风,2级,优
20210611,宜兴,多云,32,23,90,2,东南风,2级,良
20210612,宜兴,多云-雷阵雨,30,24,60,2,东南风,3级,良
20210613,宜兴,阴-中雨,27,24,44,1,南风,1级,优
20210614,宜兴,阴-小雨,30,26,40,1,东南风,2级,优
20210615,宜兴,阴-小雨,35,23,39,1,西风,3级,优
20210616,宜兴,阴-雷阵雨,28,23,36,1,东北风,2级,优
20210617,宜兴,暴雨-小雨,28,24,48,1,东风,2级,优
20210618,宜兴,阴-小雨,26,22,37,1,西北风,2级,优
20210619,宜兴,中雨-阴,21,20,43,1,东南风,2级,优
20210620,宜兴,阴-多云,26,19,67,2,东南风,2级,良
20210621,宜兴,多云-晴,30,22,80,2,东南风,2级,良
20210622,宜兴,多云,31,21,83,2,东南风,3级,良
20210623,宜兴,多云,32,22,74,2,东南风,3级,良
20210624,宜兴,晴-多云,31,24,67,2,东南风,3级,良
20210625,宜兴,阴-雷阵雨,31,24,57,2,东南风,3级,良
20210626,宜兴,阴-小雨,27,24,45,1,东南风,3级,优
20210627,宜兴,小雨,27,24,41,1,东南风,1级,优
20210628,宜兴,阴-多云,30,24,44,1,东北风,2级,优
20210629,宜兴,多云,31,25,58,2,东南风,3级,良
20210630,宜兴,阴-多云,30,24,52,2,东南风,3级,良
20210701,宜兴,阴-中雨,31,25,40,1,东南风,3级,优
20210702,宜兴,中雨,27,25,32,1,东南风,2级,优
20210703,宜兴,阴-大雨,31,25,27,1,西南风,3级,优
20210704,宜兴,大雨-小雨,26,24,39,1,东北风,2级,优
20210705,宜兴,阴-多云,31,27,62,2,南风,2级,良
20210706,宜兴,阴-多云,34,27,49,1,东风,1级,优
20210707,宜兴,阴-小雨,37,27,44,1,西南风,2级,优
20210708,宜兴,大雨-小雨,30,25,34,1,西南风,2级,优
20210709,宜兴,小雨,31,27,28,1,西南风,2级,优
20210710,宜兴,阴-多云,32,27,31,1,西南风,2级,优
20210711,宜兴,阴-多云,34,28,51,2,东南风,2级,良
20210712,宜兴,多云,37,28,62,2,南风,2级,良
20210713,宜兴,阴-多云,36,29,44,1,南风,2级,优
20210714,宜兴,多云,37,28,66,2,东南风,2级,良
20210715,宜兴,多云,35,29,52,2,东南风,3级,良
20210716,宜兴,阴-多云,32,27,38,1,东南风,3级,优
20210717,宜兴,阴-多云,30,27,34,1,东南风,3级,优
20210718,宜兴,多云,32,26,36,1,东南风,3级,优
20210719,宜兴,多云,32,26,36,1,东南风,3级,优
20210720,宜兴,阴-多云,33,27,27,1,东南风,4级,优
20210721,宜兴,多云,33,26,32,1,东南风,3级,优
20210722,宜兴,阴-多云,33,26,34,1,东风,3级,优
20210723,宜兴,阴-小雨,33,26,29,1,东北风,3级,优
20210724,宜兴,中雨,29,26,28,1,东北风,4级,优
20210725,宜兴,中雨-大雨,27,25,17,1,北风,5级,优
20210726,宜兴,中雨-大雨,27,25,15,1,东北风,5级,优
20210727,宜兴,大雨,28,26,19,1,东南风,4级,优
20210728,宜兴,阴-多云,31,26,30,1,东南风,4级,优
20210729,宜兴,多云,34,26,31,1,西风,3级,优
20210730,宜兴,阴-多云,33,26,45,1,西南风,2级,优
20210731,宜兴,多云,33,27,41,1,东南风,1级,优
20210801,宜兴,多云,33,27,61,2,东北风,1级,良
20210802,宜兴,阴-小雨,34,27,44,1,东风,2级,优
20210803,宜兴,阴-多云,32,27,24,1,东风,3级,优
20210804,宜兴,多云,33,27,28,1,东南风,4级,优
20210805,宜兴,多云,33,26,31,1,东南风,3级,优
20210806,宜兴,多云,33,26,33,1,东南风,3级,优
20210807,宜兴,阴-多云,33,26,39,1,东风,3级,优
20210808,宜兴,多云,35,26,35,1,东北风,2级,优
20210809,宜兴,阴-多云,33,27,57,2,东南风,2级,良
20210810,宜兴,阴-小雨,31,26,49,1,东南风,2级,优
20210811,宜兴,中雨,27,25,38,1,东南风,1级,优
20210812,宜兴,阴-小雨,27,25,40,1,东北风,2级,优
20210813,宜兴,暴雨-大雨,28,24,41,1,东北风,2级,优
20210814,宜兴,阴-中雨,26,23,35,1,东北风,2级,优
20210815,宜兴,大雨-小雨,26,23,33,1,东风,2级,优
20210816,宜兴,阴-小雨,26,23,26,1,西北风,2级,优
20210817,宜兴,多云,32,22,35,1,东北风,2级,优
20210818,宜兴,多云,31,24,53,2,东南风,2级,良
20210819,宜兴,多云,32,25,74,2,东南风,2级,良
20210820,宜兴,阴-中雨,31,26,50,1,东南风,2级,优
20210821,宜兴,阴-多云,30,25,36,1,西北风,2级,优
20210822,宜兴,阴-多云,32,26,57,2,东南风,2级,良
20210823,宜兴,阴-多云,33,27,41,1,东南风,2级,优
20210824,宜兴,小雨,29,25,36,1,西风,2级,优
20210825,宜兴,多云,32,25,38,1,西风,2级,优
20210826,宜兴,阴-小雨,33,26,88,2,东南风,1级,良
20210827,宜兴,阴-中雨,29,26,60,2,西北风,2级,良
20210828,宜兴,阴-多云,32,25,71,2,北风,1级,良
20210829,宜兴,阴-多云,33,26,76,2,东风,1级,良
20210830,宜兴,雾-多云,34,27,47,1,东南风,2级,优
20210831,宜兴,多云,35,27,68,2,东南风,2级,良
20210901,宜兴,多云-小雨,37,26,61,2,西北风,2级,良
20210902,宜兴,多云,31,24,40,1,西北风,2级,优
20210903,宜兴,多云,30,25,33,1,东北风,2级,优
20210904,宜兴,多云,31,27,36,1,东南风,3级,优
20210905,宜兴,多云,33,25,55,2,西风,2级,良
20210906,宜兴,多云,29,24,42,1,西北风,2级,优
20210907,宜兴,多云,29,23,32,1,西北风,2级,优
20210908,宜兴,多云-小雨,25,24,43,1,东南风,2级,优
20210909,宜兴,多云-雷阵雨,30,24,50,1,东南风,2级,优
20210910,宜兴,多云,34,25,72,2,北风,2级,良
20210911,宜兴,雾-多云,33,25,39,1,东风,3级,优
20210912,宜兴,多云-小雨,31,25,31,1,东北风,4级,优
20210913,宜兴,多云-中雨,28,24,17,1,北风,4级,优
20210914,宜兴,多云,28,23,34,1,西北风,4级,优
20210915,宜兴,多云,29,22,39,1,西北风,3级,优
20210916,宜兴,多云,29,20,30,1,西北风,2级,优
20210917,宜兴,雾-多云,30,19,50,1,北风,2级,优
20210918,宜兴,晴-多云,29,20,61,2,东南风,2级,良
20210919,宜兴,多云,30,25,64,2,东南风,3级,良
20210920,宜兴,多云,28,20,38,1,西南风,3级,优
20210921,宜兴,晴-多云,33,22,36,1,西南风,2级,优
20210922,宜兴,晴-多云,34,22,51,2,西南风,2级,良
20210923,宜兴,雾-多云,33,23,66,2,东南风,2级,良
20210924,宜兴,多云,30,22,58,2,东南风,4级,良
20210925,宜兴,多云,29,23,49,1,东南风,4级,优
20210926,宜兴,多云,30,23,50,1,东南风,3级,优
20210927,宜兴,晴-多云,34,24,61,2,东南风,2级,良
20210928,宜兴,多云,31,25,71,2,东南风,2级,良
20210929,宜兴,中雨-多云,28,19,36,1,西北风,2级,优
20210930,宜兴,雾-多云,29,19,34,1,东北风,1级,优
20211001,宜兴,多云,29,22,50,1,东南风,1级,优
20211002,宜兴,雾-多云,31,22,57,2,东南风,3级,良
20211003,宜兴,多云,31,23,52,2,东南风,3级,良
20211004,宜兴,晴-多云,32,23,49,1,东南风,3级,优
20211005,宜兴,晴-多云,30,24,50,1,东南风,3级,优
20211006,宜兴,多云-小雨,30,24,48,1,东南风,3级,优
20211007,宜兴,多云,27,24,56,2,西南风,2级,良
20211008,宜兴,雾-小雨,29,23,49,1,北风,2级,优
20211009,宜兴,多云,30,23,29,1,东南风,3级,优
20211010,宜兴,多云-中雨,32,19,39,1,东北风,3级,优
20211011,宜兴,多云,20,18,26,1,东北风,3级,优
20211012,宜兴,多云,23,20,32,1,东北风,3级,优
20211013,宜兴,中雨-多云,24,23,30,1,东北风,3级,优
20211014,宜兴,雾-多云,27,22,29,1,东南风,2级,优
20211015,宜兴,小雨-中雨,21,17,22,1,西北风,3级,优
20211016,宜兴,中雨-多云,17,11,21,1,北风,4级,优
20211017,宜兴,多云,17,10,25,1,东北风,3级,优
20211018,宜兴,多云,17,10,41,1,东南风,2级,优
20211019,宜兴,雾-小雨,18,12,57,2,西北风,2级,良
20211020,宜兴,中雨,13,9,33,1,东北风,3级,优
20211021,宜兴,雾-多云,17,10,50,1,西北风,2级,优
20211022,宜兴,多云,18,9,100,2,西北风,2级,良
20211023,宜兴,多云,20,12,88,2,东北风,2级,良
20211024,宜兴,多云,21,11,44,1,东北风,2级,优
20211025,宜兴,雾-多云,20,12,55,2,东风,2级,良
20211026,宜兴,雾-多云,20,12,53,2,东南风,2级,良
20211027,宜兴,多云,21,12,74,2,东北风,2级,良
20211028,宜兴,雾-多云,18,12,48,1,东风,2级,优
20211029,宜兴,晴-多云,21,12,56,2,东风,2级,良
20211030,宜兴,多云,23,12,81,2,东北风,1级,良
20211031,宜兴,多云,22,12,67,2,东南风,2级,良
20211101,宜兴,多云,22,14,72,2,东南风,2级,良
20211102,宜兴,多云,19,11,65,2,东风,2级,良
20211103,宜兴,多云,20,14,60,2,东南风,2级,良
20211104,宜兴,多云-中雨,20,16,53,2,东南风,3级,良
20211105,宜兴,雾-多云,21,17,34,1,东南风,2级,优
20211106,宜兴,小雨-多云,19,14,25,1,东北风,2级,优
20211107,宜兴,中雨-小雨,20,3,31,1,西风,4级,优
20211108,宜兴,多云,9,2,28,1,西北风,4级,优
20211109,宜兴,多云,14,6,46,1,西风,3级,优
20211110,宜兴,晴-多云,16,6,45,1,西风,3级,优
20211111,宜兴,多云,17,4,53,2,西风,3级,良
20211112,宜兴,多云,18,8,53,2,西风,2级,良
20211113,宜兴,雾-多云,20,7,73,2,西南风,2级,良
20211114,宜兴,晴-多云,21,6,70,2,西南风,2级,良
20211115,宜兴,雾-多云,19,8,81,2,东南风,2级,良
20211116,宜兴,雾-多云,18,9,90,2,东南风,2级,良
20211117,宜兴,雾-多云,16,9,85,2,东南风,2级,良
20211118,宜兴,多云,18,9,71,2,东南风,2级,良
20211119,宜兴,多云,19,10,43,1,东南风,2级,优
20211120,宜兴,雾-小雨,19,15,53,2,东南风,3级,良
20211121,宜兴,小雨,15,5,55,2,西北风,3级,良
20211122,宜兴,多云,10,0,59,2,西北风,3级,良
20211123,宜兴,多云,10,1,68,2,西风,2级,良
20211124,宜兴,晴,14,4,65,2,西南风,2级,良
20211125,宜兴,晴-多云,19,4,59,2,西南风,2级,良
20211126,宜兴,晴-多云,18,7,120,3,北风,2级,轻度
20211127,宜兴,多云,16,8,75,2,东风,3级,良
20211128,宜兴,多云,16,11,42,1,东南风,3级,优
20211129,宜兴,多云,18,7,47,1,东南风,2级,优
20211130,宜兴,多云,12,2,67,2,西北风,4级,良
20211201,宜兴,多云,9,-1,31,1,西北风,2级,优
20211202,宜兴,多云,12,2,52,2,西风,2级,良
20211203,宜兴,多云,15,0,62,2,西风,3级,良
20211204,宜兴,多云,13,3,105,3,东南风,1级,轻度
20211205,宜兴,多云,14,4,82,2,东南风,2级,良
20211206,宜兴,多云,17,4,107,3,西南风,1级,轻度
20211207,宜兴,多云,14,5,148,3,东北风,2级,轻度
20211208,宜兴,多云,14,7,73,2,东风,3级,良
20211209,宜兴,多云,16,4,88,2,西南风,2级,良
20211210,宜兴,多云,16,6,148,3,东北风,2级,轻度
20211211,宜兴,多云-小雨,15,8,129,3,东风,2级,轻度
20211212,宜兴,小雨-多云,9,1,90,2,北风,3级,良
20211213,宜兴,雾-多云,10,1,45,1,东北风,2级,优
20211214,宜兴,多云,12,4,80,2,南风,2级,良
20211215,宜兴,多云-小雨,12,9,102,3,东南风,2级,轻度
20211216,宜兴,雾-小雨,11,4,79,2,西北风,2级,良
20211217,宜兴,晴-多云,10,-2,79,2,北风,3级,良
20211218,宜兴,晴,8,-2,59,2,西北风,2级,良
20211219,宜兴,晴-多云,12,1,68,2,西南风,2级,良
20211220,宜兴,多云,15,5,65,2,西南风,2级,良
20211221,宜兴,晴-多云,17,3,76,2,西风,2级,良
20211222,宜兴,多云,15,5,169,4,东风,1级,中度
20211223,宜兴,雾-多云,14,7,85,2,东南风,3级,良
20211224,宜兴,雾-多云,11,0,48,1,北风,3级,优
20211225,宜兴,多云,2,-3,31,1,北风,3级,优
20211226,宜兴,多云,1,-4,38,1,西北风,3级,优
20211227,宜兴,晴-多云,4,-1,45,1,西北风,2级,优
20211228,宜兴,多云,5,-1,87,2,南风,2级,良
20211229,宜兴,晴-多云,10,-2,103,3,西风,3级,轻度
20211230,宜兴,多云,10,-2,92,2,西北风,2级,良
20211231,宜兴,雾-多云,9,1,118,3,东风,2级,轻度
20220101,宜兴,多云,10,0,68,2,东南风,2级,良
20220102,宜兴,多云-小雨,11,0,137,3,东北风,2级,轻度
20220103,宜兴,多云,11,1,170,4,东南风,2级,中度
20220104,宜兴,多云-中雨,10,7,147,3,东风,3级,轻度
20220105,宜兴,大雨-多云,8,3,32,1,东北风,3级,优
20220106,宜兴,雾-多云,7,2,45,1,东北风,3级,优
20220107,宜兴,多云,8,0,90,2,东北风,2级,良
20220108,宜兴,雾-小雨,7,4,73,2,东北风,2级,良
20220109,宜兴,阴-多云,7,1,140,3,北风,1级,轻度
20220110,宜兴,雾-小雨,7,0,174,4,西北风,2级,中度
20220111,宜兴,多云,8,-2,83,2,北风,2级,良
20220112,宜兴,雾-多云,7,1,90,2,东南风,2级,良
20220113,宜兴,多云,5,-1,103,3,西北风,3级,轻度
20220114,宜兴,多云,4,0,77,2,东南风,2级,良
20220115,宜兴,多云,10,2,135,3,西风,2级,轻度
20220116,宜兴,多云,11,3,175,4,东北风,2级,中度
20220117,宜兴,多云,9,4,98,2,东南风,2级,良
20220118,宜兴,多云,10,4,68,2,东南风,2级,良
20220119,宜兴,多云,13,3,124,3,东北风,2级,轻度
20220120,宜兴,多云,8,3,75,2,东北风,3级,良
20220121,宜兴,多云-小雨,7,6,43,1,东风,3级,优
20220122,宜兴,中雨,10,6,50,1,东风,2级,优
20220123,宜兴,中雨-小雨,9,5,27,1,东北风,3级,优
20220124,宜兴,小雨,7,4,103,3,东北风,2级,轻度
20220125,宜兴,多云-小雨,6,4,129,3,东北风,1级,轻度
20220126,宜兴,中雨,6,5,86,2,东北风,3级,良
20220127,宜兴,小雨,5,2,67,2,东北风,3级,良
20220128,宜兴,小雨-雨夹雪,5,1,40,1,东北风,2级,优
20220129,宜兴,中雪-小雪,4,1,37,1,东北风,2级,优
20220130,宜兴,多云,7,-1,71,2,西北风,2级,良
20220131,宜兴,多云,7,2,135,3,西风,1级,轻度
20220201,宜兴,多云-雨夹雪,7,1,120,3,东北风,3级,轻度
20220202,宜兴,中雪-雨夹雪,3,1,54,2,东北风,2级,良
20220203,宜兴,小雨-雨夹雪,4,0,40,1,东北风,2级,优
20220204,宜兴,多云,9,0,53,2,西北风,2级,良
20220205,宜兴,雾-多云,6,-1,64,2,东北风,2级,良
20220206,宜兴,多云-雨夹雪,4,1,41,1,东风,2级,优
20220207,宜兴,暴雪-雨夹雪,1,0,25,1,东北风,3级,优
20220208,宜兴,雾-多云,5,1,30,1,东北风,2级,优
20220209,宜兴,小雨-多云,4,3,49,1,东风,2级,优
20220210,宜兴,多云-小雨,6,4,83,2,东北风,1级,良
20220211,宜兴,小雨,6,3,74,2,东风,3级,良
20220212,宜兴,多云,8,5,70,2,东北风,2级,良
20220213,宜兴,雾-多云,7,1,98,2,东北风,2级,良
20220214,宜兴,多云,10,4,104,3,西北风,2级,轻度
20220215,宜兴,阴,6,2,98,2,东北风,2级,良
20220216,宜兴,多云,8,2,71,2,东风,3级,良
20220217,宜兴,阴-雨夹雪,4,1,40,1,东风,4级,优
20220218,宜兴,阴-雨夹雪,5,2,39,1,东风,3级,优
20220219,宜兴,雾-多云,5,-2,58,2,北风,3级,良
20220220,宜兴,雾-多云,6,-1,41,1,北风,2级,优
20220221,宜兴,多云,7,0,63,2,东南风,2级,良
20220222,宜兴,雾-雨夹雪,8,1,102,3,东南风,2级,轻度
20220223,宜兴,阴-多云,8,-2,60,2,东北风,2级,良
20220224,宜兴,多云,9,0,66,2,东南风,2级,良
20220225,宜兴,多云,11,3,60,2,东南风,3级,良
20220226,宜兴,多云,17,2,79,2,西风,2级,良
20220227,宜兴,多云-小雨,13,8,83,2,东南风,3级,良
20220228,宜兴,多云-中雨,19,11,97,2,东南风,2级,良
20220301,宜兴,多云,18,4,94,2,西北风,3级,良
20220302,宜兴,多云,15,6,94,2,东南风,2级,良
20220303,宜兴,多云-中雨,18,11,139,3,东南风,2级,轻度
20220304,宜兴,阴-多云,22,7,76,2,西南风,2级,良
20220305,宜兴,多云,16,5,86,2,东北风,3级,良
20220306,宜兴,阴-小雨,11,5,58,2,东南风,3级,良
20220307,宜兴,多云,16,6,56,2,南风,1级,良
20220308,宜兴,晴-多云,18,7,58,2,东南风,2级,良
20220309,宜兴,多云,19,11,77,2,东南风,3级,良
20220310,宜兴,多云,21,12,67,2,东南风,2级,良
20220311,宜兴,多云,25,13,83,2,东南风,2级,良
20220312,宜兴,多云-中雨,25,18,84,2,东南风,3级,良
20220313,宜兴,多云,26,15,80,2,东南风,2级,良
20220314,宜兴,多云,27,9,72,2,东北风,3级,良
20220315,宜兴,多云,20,13,65,2,东南风,3级,良
20220316,宜兴,多云-中雨,24,16,74,2,东南风,2级,良
20220317,宜兴,多云-小雨,14,6,28,1,北风,4级,优
20220318,宜兴,多云,10,6,47,1,西北风,2级,优
20220319,宜兴,多云-小雨,13,5,69,2,东北风,3级,良
20220320,宜兴,多云-大雨,7,6,37,1,东北风,3级,优
20220321,宜兴,多云-中雨,8,6,28,1,东北风,4级,优
20220322,宜兴,多云-小雨,9,5,34,1,东北风,3级,优
20220323,宜兴,多云,14,6,49,1,东南风,2级,优
20220324,宜兴,多云-中雨,18,13,62,2,东南风,3级,良
20220325,宜兴,多云,17,12,40,1,南风,3级,优
20220326,宜兴,多云,17,9,46,1,西北风,3级,优
20220327,宜兴,多云,18,8,67,2,北风,2级,良
20220328,宜兴,多云,14,7,54,2,东南风,3级,良
20220329,宜兴,多云,19,12,49,1,东南风,3级,优
20220330,宜兴,多云-小雨,24,11,62,2,北风,2级,良
20220331,宜兴,阴-多云,13,7,52,2,东北风,2级,良
20220401,宜兴,多云,14,4,37,1,东北风,2级,优
20220402,宜兴,多云,16,6,59,2,东北风,1级,良
20220403,宜兴,晴-多云,14,6,56,2,东南风,2级,良
20220404,宜兴,多云,17,11,45,1,东南风,3级,优
20220405,宜兴,多云,17,9,62,2,东南风,2级,良
20220406,宜兴,雾-多云,24,11,74,2,东南风,2级,良
20220407,宜兴,晴-多云,27,13,72,2,东南风,2级,良
20220408,宜兴,多云,27,14,87,2,东南风,2级,良
20220409,宜兴,多云,29,16,67,2,东南风,2级,良
20220410,宜兴,雾-多云,27,17,71,2,东南风,2级,良
20220411,宜兴,雾-多云,30,19,68,2,东南风,2级,良
20220412,宜兴,雾-小雨,31,14,86,2,东风,2级,良
20220413,宜兴,大雨-中雨,14,12,34,1,东北风,3级,优
20220414,宜兴,雾-多云,15,12,32,1,西北风,3级,优
20220415,宜兴,多云,18,9,36,1,东北风,3级,优
20220416,宜兴,多云,17,8,58,2,东北风,2级,良
20220417,宜兴,多云,19,13,61,2,东南风,2级,良
20220418,宜兴,多云,22,12,61,2,西南风,2级,良
20220419,宜兴,多云,24,11,75,2,西风,2级,良
20220420,宜兴,多云,24,15,86,2,东南风,2级,良
20220421,宜兴,晴-多云,25,15,55,2,南风,2级,良
20220422,宜兴,多云-暴雨,29,19,61,2,南风,2级,良
20220423,宜兴,小雨-多云,23,16,51,2,东南风,2级,良
20220424,宜兴,多云-中雨,23,19,33,1,东南风,3级,优
20220425,宜兴,大雨-中雨,21,19,33,1,东南风,2级,优
20220426,宜兴,雾-多云,21,15,29,1,西北风,3级,优
20220427,宜兴,雾-多云,21,13,46,1,东风,3级,优
20220428,宜兴,小雨-中雨,19,13,72,2,东风,3级,良
20220429,宜兴,多云,15,10,35,1,东北风,3级,优
20220430,宜兴,多云,17,12,48,1,东北风,2级,优
20220501,宜兴,多云,20,13,72,2,西北风,2级,良
20220502,宜兴,多云,25,14,58,2,西南风,2级,良
20220503,宜兴,晴-多云,27,14,53,2,东南风,2级,良
20220504,宜兴,多云,27,15,68,2,东南风,3级,良
20220505,宜兴,晴-多云,27,18,63,2,东南风,3级,良
20220506,宜兴,雾-多云,29,18,52,2,东南风,2级,良
20220507,宜兴,多云,27,17,44,1,东风,3级,优
20220508,宜兴,多云,25,15,43,1,东风,3级,优
20220509,宜兴,多云,21,16,39,1,东风,3级,优
20220510,宜兴,多云,19,16,48,1,东风,3级,优
20220511,宜兴,多云,21,17,43,1,东北风,2级,优
20220512,宜兴,小雨,21,16,45,1,东北风,2级,优
20220513,宜兴,雾-多云,19,12,36,1,东北风,2级,优
20220514,宜兴,雾-多云,21,15,48,1,东北风,2级,优
20220515,宜兴,多云,23,15,50,1,南风,2级,优
20220516,宜兴,多云,26,14,49,1,西南风,2级,优
20220517,宜兴,晴-多云,28,17,58,2,西南风,2级,良
20220518,宜兴,多云,28,18,76,2,东南风,3级,良
20220519,宜兴,多云-小雨,22,19,57,2,东南风,3级,良
20220520,宜兴,多云,22,16,73,2,东南风,2级,良
20220521,宜兴,多云,26,17,87,2,东南风,2级,良
20220522,宜兴,多云,27,20,48,1,东南风,3级,优
20220523,宜兴,多云,26,18,47,1,东南风,3级,优
20220524,宜兴,多云,24,19,34,1,东南风,3级,优
20220525,宜兴,雾-多云,27,19,46,1,东南风,2级,优
20220526,宜兴,雾-多云,25,19,67,2,东风,2级,良
20220527,宜兴,多云,30,22,85,2,东南风,2级,良
20220528,宜兴,多云-小雨,26,21,61,2,东南风,2级,良
20220529,宜兴,多云,27,22,32,1,西南风,2级,优
20220530,宜兴,小雨-多云,31,18,39,1,北风,3级,优
20220531,宜兴,多云-小雨,29,21,42,1,东南风,3级,优
20220601,宜兴,多云,30,22,51,2,西南风,2级,良
20220602,宜兴,多云,30,21,73,2,东南风,3级,良
20220603,宜兴,雾-小雨,26,23,31,1,东南风,3级,优
20220604,宜兴,中雨-大雨,27,23,32,1,东南风,2级,优
20220605,宜兴,暴雨-多云,25,19,30,1,西北风,2级,优
20220606,宜兴,多云,32,20,55,2,西风,2级,良
20220607,宜兴,多云,29,18,45,1,北风,2级,优
20220608,宜兴,多云,28,20,51,2,东南风,3级,良
20220609,宜兴,多云,29,23,67,2,东南风,3级,良
20220610,宜兴,多云,26,21,37,1,东南风,3级,优
20220611,宜兴,多云,23,21,41,1,东南风,3级,优
20220612,宜兴,阴-小雨,24,20,36,1,东南风,3级,优
20220613,宜兴,小雨-多云,27,20,40,1,东南风,2级,优
20220614,宜兴,雾-多云,31,21,54,2,西南风,2级,良
20220615,宜兴,晴-多云,32,23,62,2,西南风,2级,良
20220616,宜兴,多云,33,24,86,2,东南风,2级,良
20220617,宜兴,多云,34,24,62,2,东南风,2级,良
20220618,宜兴,多云,33,25,84,2,东南风,2级,良
20220619,宜兴,多云,32,25,73,2,东南风,2级,良
20220620,宜兴,多云,33,24,47,1,东南风,2级,优
20220621,宜兴,多云,32,26,45,1,东南风,2级,优
20220622,宜兴,多云,34,28,27,1,西南风,2级,优
20220623,宜兴,多云-大雨,36,26,26,1,西南风,3级,优
20220624,宜兴,小雨,26,25,28,1,西南风,3级,优
20220625,宜兴,小雨-多云,33,27,32,1,西南风,2级,优
20220626,宜兴,多云,35,28,64,2,东南风,2级,良
20220627,宜兴,多云,38,28,35,1,西南风,3级,优
20220628,宜兴,阴-大雨,36,26,33,1,西南风,3级,优
20220629,宜兴,多云-中雨,33,26,28,1,南风,2级,优
20220630,宜兴,多云,29,26,28,1,东南风,2级,优
20220701,宜兴,多云,32,25,25,1,东南风,4级,优
20220702,宜兴,多云,33,26,25,1,东南风,4级,优
20220703,宜兴,多云,33,26,30,1,东南风,3级,优
20220704,宜兴,多云,34,26,40,1,东南风,3级,优
20220705,宜兴,多云,34,29,42,1,东南风,3级,优
20220706,宜兴,多云,37,28,34,1,西南风,2级,优
20220707,宜兴,多云,35,28,34,1,西南风,2级,优
20220708,宜兴,多云,38,28,32,1,西南风,2级,优
20220709,宜兴,多云,36,28,38,1,西南风,2级,优
20220710,宜兴,多云,38,29,39,1,西南风,2级,优
20220711,宜兴,多云,37,28,51,2,东南风,2级,良
20220712,宜兴,多云,40,30,47,1,东南风,2级,优
20220713,宜兴,多云,40,29,47,1,西南风,2级,优
20220714,宜兴,多云,40,29,48,1,西南风,2级,优
20220715,宜兴,小雨-多云,38,29,50,1,西风,2级,优
20220716,宜兴,雾-多云,33,28,52,2,西北风,2级,良
20220717,宜兴,雾-小雨,37,26,43,1,西南风,3级,优
20220718,宜兴,小雨-多云,32,25,33,1,西风,3级,优
20220719,宜兴,多云,31,25,51,2,东南风,2级,良
20220720,宜兴,多云,39,24,28,1,西南风,3级,优
20220721,宜兴,小雨-多云,30,23,31,1,西北风,2级,优
20220722,宜兴,多云,35,24,53,2,西南风,1级,良
20220723,宜兴,多云,36,23,40,1,西风,3级,优
20220724,宜兴,多云,34,24,49,1,西北风,2级,优
20220725,宜兴,多云,36,24,56,2,东南风,2级,良
20220726,宜兴,小雨-多云,34,23,35,1,东南风,2级,优
20220727,宜兴,多云,35,27,44,1,东南风,1级,优
20220728,宜兴,多云,36,26,55,2,东南风,2级,良
20220729,宜兴,晴-多云,35,25,30,1,东南风,3级,优
20220730,宜兴,多云,37,26,31,1,东风,2级,优
20220731,宜兴,多云,36,27,27,1,西北风,2级,优
20220801,宜兴,多云,38,27,31,1,西北风,2级,优
20220802,宜兴,多云,36,28,66,2,东南风,2级,良
20220803,宜兴,晴-多云,36,28,43,1,东南风,3级,优
20220804,宜兴,多云,37,29,43,1,东南风,2级,优
20220805,宜兴,小雨-多云,38,29,52,2,南风,2级,良
20220806,宜兴,多云,38,28,36,1,南风,2级,优
20220807,宜兴,多云,37,28,36,1,东南风,2级,优
20220808,宜兴,多云,37,28,42,1,东南风,2级,优
20220809,宜兴,多云,38,28,43,1,东南风,2级,优
20220810,宜兴,多云,39,29,54,2,西南风,2级,良
20220811,宜兴,多云,39,29,42,1,西南风,2级,优
20220812,宜兴,多云,39,29,43,1,南风,2级,优
20220813,宜兴,多云,40,30,43,1,西南风,2级,优
20220814,宜兴,多云,40,30,75,2,东南风,2级,良
20220815,宜兴,多云,40,29,40,1,西南风,2级,优
20220816,宜兴,多云-中雨,39,27,45,1,西风,2级,优
20220817,宜兴,多云,33,27,49,1,东风,2级,优
20220818,宜兴,多云,36,29,68,2,东南风,3级,良
20220819,宜兴,多云,39,30,44,1,西南风,2级,优
20220820,宜兴,多云,39,27,51,2,西北风,2级,良
20220821,宜兴,多云,37,29,43,1,东南风,2级,优
20220822,宜兴,多云,39,28,38,1,西南风,2级,优
20220823,宜兴,多云-小雨,40,25,43,1,北风,2级,优
20220824,宜兴,多云,30,26,36,1,东北风,3级,优
20220825,宜兴,多云-中雨,33,26,49,1,东北风,2级,优
20220826,宜兴,多云-大雨,31,24,48,1,东北风,1级,优
20220827,宜兴,小雨-多云,26,24,34,1,东北风,2级,优
20220828,宜兴,多云,28,24,30,1,东南风,4级,优
20220829,宜兴,多云,33,25,50,1,东南风,2级,优
20220830,宜兴,阴-小雨,26,22,48,1,西北风,2级,优
20220831,宜兴,雾-多云,25,20,34,1,西北风,2级,优
20220901,宜兴,多云,30,21,52,2,东北风,2级,良
20220902,宜兴,雾-多云,28,22,36,1,东北风,3级,优
20220903,宜兴,小雨,25,24,23,1,西北风,3级,优
20220904,宜兴,小雨-多云,26,23,23,1,北风,3级,优
20220905,宜兴,多云,30,20,32,1,西北风,4级,优
20220906,宜兴,晴-多云,31,22,71,2,南风,2级,良
20220907,宜兴,雾-多云,36,22,96,2,西南风,1级,良
20220908,宜兴,多云,31,22,79,2,东北风,2级,良
20220909,宜兴,多云-晴,30,19,41,1,东风,2级,优
20220910,宜兴,多云,29,21,57,2,东风,2级,良
20220911,宜兴,多云,30,21,47,1,东南风,2级,优
20220912,宜兴,雾-中雨,32,21,39,1,东北风,2级,优
20220913,宜兴,中雨-小雨,23,21,21,1,东北风,3级,优
20220914,宜兴,小雨-暴雨,25,22,18,1,北风,3级,优
20220915,宜兴,小雨-多云,23,21,18,1,西风,4级,优
20220916,宜兴,雾-多云,29,21,35,1,西南风,2级,优
20220917,宜兴,多云,31,21,36,1,北风,2级,优
20220918,宜兴,雾-多云,30,21,38,1,北风,2级,优
20220919,宜兴,雾-多云,30,18,46,1,北风,3级,优
20220920,宜兴,多云,26,17,40,1,东北风,3级,优
20220921,宜兴,多云,25,17,38,1,东风,2级,优
20220922,宜兴,多云,27,19,53,2,东南风,2级,良
20220923,宜兴,多云,28,17,62,2,北风,3级,良
20220924,宜兴,多云,24,18,39,1,东风,2级,优
20220925,宜兴,多云-小雨,25,18,37,1,东风,2级,优
20220926,宜兴,多云,22,17,36,1,东风,3级,优
20220927,宜兴,雾-多云,26,19,39,1,东风,3级,优
20220928,宜兴,小雨-多云,21,19,41,1,东北风,2级,优
20220929,宜兴,雾-多云,26,21,53,2,东南风,2级,良
20220930,宜兴,多云,27,23,39,1,东南风,2级,优
20221001,宜兴,多云,30,25,63,2,东南风,3级,良
20221002,宜兴,雾-多云,33,26,62,2,东南风,2级,良
20221003,宜兴,晴-多云,35,21,52,2,南风,2级,良
20221004,宜兴,阴-多云,22,15,26,1,北风,4级,优
20221005,宜兴,多云-小雨,18,14,23,1,东北风,3级,优
20221006,宜兴,小雨-中雨,15,13,19,1,东北风,3级,优
20221007,宜兴,雾-多云,18,14,27,1,东北风,2级,优
20221008,宜兴,小雨-中雨,18,14,38,1,东南风,2级,优
20221009,宜兴,雾-晴,20,9,39,1,西北风,3级,优
20221010,宜兴,晴-多云,19,8,33,1,西北风,3级,优
20221011,宜兴,多云,20,11,50,1,东北风,2级,优
20221012,宜兴,多云,20,11,40,1,东风,3级,优
20221013,宜兴,多云,22,13,43,1,东风,3级,优
20221014,宜兴,雾-多云,24,12,42,1,东北风,2级,优
20221015,宜兴,雾-多云,23,13,44,1,东北风,2级,优
20221016,宜兴,多云,25,13,56,2,东北风,2级,良
20221017,宜兴,雾-多云,22,9,39,1,东北风,3级,优
20221018,宜兴,晴-多云,20,8,32,1,东北风,2级,优
20221019,宜兴,晴-多云,19,10,42,1,东风,2级,优
20221020,宜兴,多云,21,13,43,1,东南风,3级,优
20221021,宜兴,多云,23,14,43,1,东南风,2级,优
20221022,宜兴,多云,25,14,92,2,西北风,2级,良
20221023,宜兴,多云,23,10,42,1,东北风,3级,优
20221024,宜兴,多云,21,11,59,2,东风,2级,良
20221025,宜兴,多云,20,14,38,1,东南风,3级,优
20221026,宜兴,小雨-中雨,18,15,39,1,东南风,3级,优
20221027,宜兴,多云,19,14,23,1,东北风,3级,优
20221028,宜兴,多云,19,13,38,1,东北风,3级,优
20221029,宜兴,多云,20,12,35,1,东北风,2级,优
20221030,宜兴,多云,21,14,44,1,东北风,2级,优
20221031,宜兴,晴-多云,23,11,34,1,东北风,2级,优
20221101,宜兴,雾-多云,22,10,59,2,东北风,3级,良
20221102,宜兴,多云,20,10,58,2,东风,2级,良
20221103,宜兴,晴-多云,21,12,45,1,东北风,2级,优
20221104,宜兴,雾-多云,18,8,29,1,东北风,3级,优
20221105,宜兴,多云,17,7,46,1,东风,2级,优
20221106,宜兴,多云,19,11,51,2,东南风,3级,良
20221107,宜兴,多云,21,11,57,2,东南风,2级,良
20221108,宜兴,雾-多云,21,13,83,2,东南风,2级,良
20221109,宜兴,雾-多云,21,14,43,1,东南风,3级,优
20221110,宜兴,多云,24,17,73,2,东南风,2级,良
20221111,宜兴,阴-多云,23,18,38,1,东南风,3级,优
20221112,宜兴,多云-小雨,26,13,38,1,西北风,3级,优
20221113,宜兴,多云,14,10,26,1,北风,3级,优
20221114,宜兴,小雨-多云,11,7,46,1,西北风,2级,优
20221115,宜兴,多云,16,5,71,2,西北风,1级,良
20221116,宜兴,小雨-中雨,15,12,108,3,东南风,2级,轻度
20221117,宜兴,小雨-中雨,15,13,34,1,东风,2级,优
20221118,宜兴,小雨-中雨,17,14,32,1,东北风,2级,优
20221119,宜兴,小雨-多云,17,14,45,1,西北风,2级,优
20221120,宜兴,多云,19,10,45,1,西北风,2级,优
20221121,宜兴,雾-中雨,19,14,58,2,东南风,2级,良
20221122,宜兴,小雨-多云,16,13,26,1,西北风,3级,优
20221123,宜兴,雾-多云,17,11,33,1,北风,2级,优
20221124,宜兴,雾-多云,18,12,40,1,东南风,2级,优
20221125,宜兴,多云,19,12,60,2,南风,2级,良
20221126,宜兴,多云,21,13,73,2,东北风,2级,良
20221127,宜兴,雾-多云,21,15,44,1,东南风,3级,优
20221128,宜兴,小雨-中雨,19,12,36,1,南风,3级,优
20221129,宜兴,大雨-雨夹雪,13,1,29,1,北风,4级,优
20221130,宜兴,多云,2,0,27,1,西北风,4级,优
20221201,宜兴,多云,3,0,35,1,西北风,2级,优
20221202,宜兴,多云,6,4,48,1,东风,2级,优
20221203,宜兴,小雨,6,5,60,2,西北风,2级,良
20221204,宜兴,小雨,8,4,37,1,东北风,3级,优
20221205,宜兴,多云,9,0,34,1,北风,2级,优
20221206,宜兴,雾-多云,10,3,67,2,东风,2级,良
20221207,宜兴,雾-小雨,9,7,99,2,东风,2级,良
20221208,宜兴,多云-中雨,11,8,108,3,东南风,1级,轻度
20221209,宜兴,小雨-多云,10,8,109,3,西北风,2级,轻度
20221210,宜兴,雾-多云,11,3,86,2,西北风,3级,良
20221211,宜兴,多云,9,2,38,1,北风,3级,优
20221212,宜兴,雾-多云,9,0,65,2,西北风,3级,良
20221213,宜兴,晴-多云,12,0,97,2,西北风,3级,良
20221214,宜兴,晴-多云,8,1,77,2,东北风,2级,良
20221215,宜兴,晴-多云,10,6,76,2,东南风,3级,良
20221216,宜兴,小雨-雨夹雪,9,0,65,2,东北风,3级,良
20221217,宜兴,多云,4,-3,52,2,西北风,4级,良
20221218,宜兴,晴-多云,5,-1,57,2,西风,3级,良
20221219,宜兴,晴-多云,8,-2,61,2,东南风,2级,良
20221220,宜兴,雾-多云,10,1,67,2,东南风,3级,良
20221221,宜兴,晴,11,2,97,2,西风,2级,良
20221222,宜兴,晴,9,0,75,2,西北风,2级,良
20221223,宜兴,晴,6,-3,40,1,西风,1级,优
20221224,宜兴,晴,5,-4,58,2,西风,1级,良
20221225,宜兴,晴,6,-5,71,2,北风,1级,良
20221226,宜兴,多云-霾,6,-1,93,2,北风,0级,良
20221227,宜兴,雾,7,-1,122,3,北风,1级,轻度污染
20221228,宜兴,霾,7,4,192,4,西风,1级,中度污染
20221229,宜兴,霾-雾,5,1,100,2,北风,0级,良
20221230,宜兴,雾-多云,8,0,71,2,北风,0级,良
20221231,宜兴,雾,8,-2,124,3,北风,0级,轻度污染
20230101,宜兴,雾-小雨,6,4,144,3,东南风,2级,轻度
20230102,宜兴,霾-多云,8,5,130,3,北风,0级,轻度污染
20230103,宜兴,晴-霾,9,0,47,1,北风,0级,优
20230104,宜兴,晴,9,-1,86,2,东风,1级,良
20230105,宜兴,雾,12,5,86,2,东南风,1级,良
20230106,宜兴,雾-霾,15,4,149,3,西风,1级,轻度污染
20230107,宜兴,雾-霾,14,2,138,3,无持续风向,1级,轻度污染
20230108,宜兴,雾-霾,15,2,115,3,东南风,1级,轻度污染
20230109,宜兴,雾,18,2,133,3,北风,1级,轻度污染
20230110,宜兴,晴,10,4,47,1,东风,1级,优
20230111,宜兴,雾-晴,13,5,58,2,东南风,1级,良
20230112,宜兴,雾-霾,17,9,41,1,东南风,1级,优
20230113,宜兴,阴,16,13,51,2,北风,0级,良
20230114,宜兴,阴-雨,14,1,19,1,无持续风向,1级,优
20230115,宜兴,雪-阴,1,-2,29,1,西北风,2级,优
20230116,宜兴,晴,2,-3,51,2,西风,1级,良
20230117,宜兴,阴-晴,6,1,63,2,西风,1级,良
20230118,宜兴,晴,8,0,84,2,西风,1级,良
20230119,宜兴,雾-晴,9,-1,88,2,无持续风向,1级,良
20230120,宜兴,晴-霾,9,3,96,2,无持续风向,1级,良
20230121,宜兴,多云-晴,10,4,69,2,东风,2级,良
20230122,宜兴,雾-多云,7,5,63,2,西北风,1级,良
20230123,宜兴,多云-雨,7,2,32,1,西风,1级,优
20230124,宜兴,晴-多云,1,-3,48,1,西风,2级,优
20230125,宜兴,晴,0,-7,26,1,东南风,2级,优
20230126,宜兴,雾-晴,7,-4,61,2,无持续风向,1级,良
20230127,宜兴,多云-晴,4,-2,60,2,西风,2级,良
20230128,宜兴,多云,7,-4,65,2,西风,1级,良
20230129,宜兴,晴-多云,11,-3,60,2,北风,0级,良
20230130,宜兴,晴,11,-2,76,2,北风,0级,良
20230131,宜兴,雾-多云,13,1,80,2,北风,1级,良
20230201,宜兴,晴,16,1,87,2,东北风,1级,良
20230202,宜兴,晴,4,3,39,1,东北风,1级,优
20230203,宜兴,多云-晴,7,3,64,2,北风,0级,良
20230204,宜兴,雾-多云,8,1,64,2,北风,0级,良
20230205,宜兴,多云-雾,8,5,59,2,东风,2级,良
20230206,宜兴,雾-多云,9,7,68,2,北风,1级,良
20230207,宜兴,雨-多云,11,8,51,2,北风,0级,良
20230208,宜兴,雾,8,6,98,2,东风,1级,良
20230209,宜兴,多云-雨,8,7,43,1,东风,1级,优
20230210,宜兴,多云,7,6,42,1,东风,1级,优
20230211,宜兴,雨-多云,8,6,39,1,东风,1级,优
20230212,宜兴,多云,11,8,35,1,东风,1级,优
20230213,宜兴,多云-雨,9,4,42,1,西风,1级,优
20230214,宜兴,多云-晴,7,2,32,1,西风,1级,优
20230215,宜兴,晴,9,1,51,2,西风,1级,良
20230216,宜兴,雾-晴,9,1,67,2,北风,1级,良
20230217,宜兴,多云-霾,9,6,73,2,东南风,2级,良
20230218,宜兴,霾,18,9,111,3,东南风,1级,轻度污染
20230219,宜兴,雾,12,3,110,3,西风,1级,轻度污染
20230220,宜兴,雾-晴,12,1,86,2,无持续风向,1级,良
20230221,宜兴,雾-多云,8,2,40,1,东风,1级,优
20230222,宜兴,多云,7,4,52,2,东风,1级,良
20230223,宜兴,多云,6,4,63,2,东风,1级,良
20230224,宜兴,多云-霾,10,4,64,2,西风,1级,良
20230225,宜兴,多云-晴,10,3,75,2,无持续风向,1级,良
20230226,宜兴,晴,8,-2,44,1,北风,1级,优
20230227,宜兴,晴,10,1,71,2,东南风,2级,良
20230228,宜兴,雾-霾,13,5,84,2,东南风,1级,良
20230301,宜兴,霾,17,8,114,3,无持续风向,1级,轻度污染
20230302,宜兴,雾-多云,13,3,82,2,北风,0级,良
20230303,宜兴,雾,13,5,53,2,东南风,2级,良
20230304,宜兴,雾-霾,16,3,94,2,无持续风向,1级,良
20230305,宜兴,雾-霾,18,8,109,3,东南风,2级,轻度污染
20230306,宜兴,雾-霾,22,7,82,2,东南风,1级,良
20230307,宜兴,多云,21,11,87,2,东南风,1级,良
20230308,宜兴,多云,23,11,99,2,西风,1级,良
20230309,宜兴,多云-晴,26,14,75,2,西风,1级,良
20230310,宜兴,雾-晴,25,10,87,2,东南风,1级,良
20230311,宜兴,多云,22,15,67,2,东风,1级,良
20230312,宜兴,多云,16,8,70,2,西风,2级,良
20230313,宜兴,多云-晴,14,5,70,2,东南风,2级,良
20230314,宜兴,晴,20,8,62,2,东南风,1级,良
20230315,宜兴,雾-晴,24,9,82,2,无持续风向,1级,良
20230316,宜兴,晴,15,8,92,2,东风,1级,良
20230317,宜兴,雨-多云,10,7,31,1,无持续风向,1级,优
20230318,宜兴,多云,7,7,31,1,西风,1级,优
20230319,宜兴,多云,12,7,31,1,东南风,2级,优
20230320,宜兴,多云-霾,13,10,61,2,东南风,1级,良
20230321,宜兴,雨-雾,14,12,44,1,东风,1级,优
20230322,宜兴,多云,15,13,46,1,东风,1级,优
20230323,宜兴,雾-多云,13,10,46,1,西风,1级,优
20230324,宜兴,多云-霾,10,7,131,3,东北风,1级,轻度污染
20230325,宜兴,多云,10,6,58,2,西风,1级,良
20230326,宜兴,多云-晴,17,6,73,2,无持续风向,1级,良
20230327,宜兴,雾-多云,16,8,105,3,东南风,1级,轻度污染
20230328,宜兴,霾-多云,19,9,92,2,东南风,2级,良
20230329,宜兴,多云,15,12,61,2,东风,2级,良
20230330,宜兴,雨-多云,14,11,52,2,东南风,1级,良
20230331,宜兴,雾-多云,15,12,83,2,东南风,1级,良
20230401,宜兴,多云,19,12,50,1,东南风,1级,优
20230402,宜兴,雾-晴,22,11,61,2,东南风,2级,良
20230403,宜兴,多云,17,14,49,1,东风,2级,优
20230404,宜兴,多云,22,14,34,1,东南风,2级,优
20230405,宜兴,多云,14,10,39,1,西风,2级,优
20230406,宜兴,多云,13,9,61,2,西风,1级,良
20230407,宜兴,多云-晴,18,10,54,2,西风,2级,良
20230408,宜兴,雾-多云,20,7,72,2,北风,1级,良
20230409,宜兴,雾-晴,21,9,71,2,东南风,2级,良
20230410,宜兴,雾-晴,25,13,68,2,东南风,2级,良
20230411,宜兴,多云,27,16,160,4,北风,1级,中度污染
20230412,宜兴,多云,22,15,284,5,东风,2级,重度污染
20230413,宜兴,多云,19,14,111,3,东南风,2级,轻度污染
20230414,宜兴,多云,23,16,99,2,无持续风向,1级,良
20230415,宜兴,多云,25,15,73,2,西风,1级,良
20230416,宜兴,晴,27,14,83,2,东风,1级,良
20230417,宜兴,晴-雾,27,16,87,2,东南风,2级,良
20230418,宜兴,雾,29,18,68,2,北风,1级,良
20230419,宜兴,多云,26,19,65,2,无持续风向,1级,良
20230420,宜兴,霾-多云,23,19,38,1,东南风,2级,优
20230421,宜兴,多云,21,13,43,1,东北风,1级,优
20230422,宜兴,多云,19,11,74,2,东风,1级,良
20230423,宜兴,多云,16,13,85,2,东风,1级,良
20230424,宜兴,雨-多云,15,11,50,1,东风,1级,优
20230425,宜兴,多云,17,12,51,2,西风,1级,良
20230426,宜兴,多云,21,10,61,2,西风,1级,良
20230427,宜兴,多云,22,15,74,2,东南风,2级,良
20230428,宜兴,多云-雾,24,16,62,2,东南风,1级,良
20230429,宜兴,多云-雾,21,12,60,2,西风,2级,良
20230430,宜兴,多云-晴,23,9,70,2,无持续风向,1级,良
20230501,宜兴,晴,27,12,73,2,无持续风向,1级,良
20230502,宜兴,晴,26,17,57,2,东南风,2级,良
20230503,宜兴,多云,24,20,39,1,东南风,2级,优
20230504,宜兴,多云,29,21,41,1,东南风,1级,优
20230505,宜兴,多云-雨,23,19,31,1,西风,1级,优
20230506,宜兴,多云,20,15,34,1,无持续风向,1级,优
20230507,宜兴,雨-多云,20,14,32,1,西风,1级,优
20230508,宜兴,多云,21,13,43,1,无持续风向,1级,优
20230509,宜兴,雾,23,10,61,2,北风,1级,良
20230510,宜兴,多云,22,16,53,2,东风,1级,良
20230511,宜兴,多云,18,13,48,1,无持续风向,1级,优
20230512,宜兴,多云-晴,23,15,61,2,无持续风向,1级,良
20230513,宜兴,雾-多云,26,14,67,2,无持续风向,1级,良
20230514,宜兴,多云-晴,31,20,71,2,无持续风向,1级,良
20230515,宜兴,晴,32,20,67,2,无持续风向,1级,良
20230516,宜兴,晴,30,20,82,2,东南风,1级,良
20230517,宜兴,雨-多云,25,20,35,1,东南风,2级,优
20230518,宜兴,雾-多云,22,20,33,1,西风,1级,优
20230519,宜兴,多云-晴,24,18,36,1,东南风,1级,优
20230520,宜兴,雾-多云,25,19,52,2,东南风,2级,良
20230521,宜兴,雾-霾,26,20,66,2,东南风,1级,良
20230522,宜兴,小雨-多云,20,13,97,2,西风,1级,良
20230523,宜兴,雾-晴,24,13,120,3,东南风,1级,轻度污染
20230524,宜兴,雾-多云,21,15,49,1,东南风,1级,优
20230525,宜兴,雾-晴,26,13,56,2,无持续风向,1级,良
20230526,宜兴,多云,27,21,60,2,东风,1级,良
20230527,宜兴,雨-雾,28,22,50,1,东南风,1级,优
20230528,宜兴,雾-多云,33,23,64,2,东南风,1级,良
20230529,宜兴,雾-多云,34,24,62,2,北风,1级,良
20230530,宜兴,雾,26,22,45,1,无持续风向,1级,优
20230531,宜兴,多云,25,21,29,1,北风,0级,优
20230601,宜兴,多云,30,23,46,1,北风,0级,优
20230602,宜兴,多云,34,21,79,2,西风,1级,良
20230603,宜兴,多云,28,24,76,2,东风,1级,良
20230604,宜兴,多云,27,22,49,1,东风,2级,优
20230605,宜兴,多云,23,19,31,1,西风,1级,优
20230606,宜兴,多云,25,17,33,1,西风,1级,优
20230607,宜兴,多云,27,18,63,2,北风,1级,良
20230608,宜兴,多云,30,21,47,1,无持续风向,1级,优
20230609,宜兴,多云-晴,32,22,70,2,无持续风向,1级,良
20230610,宜兴,雾-晴,34,24,77,2,东南风,1级,良
20230611,宜兴,多云-霾,30,24,58,2,东风,1级,良
20230612,宜兴,雾-多云,29,23,56,2,东风,1级,良
20230613,宜兴,多云,26,23,50,1,无持续风向,1级,优
20230614,宜兴,雾-多云,32,21,73,2,西风,1级,良
20230615,宜兴,雾-多云,31,20,90,2,东南风,1级,良
20230616,宜兴,雾-霾,28,24,87,2,东南风,2级,良
20230617,宜兴,多云,24,22,34,1,东风,2级,优
20230618,宜兴,多云-雨,24,23,22,1,东南风,1级,优
20230619,宜兴,多云,27,24,22,1,东南风,1级,优
20230620,宜兴,多云--,31,24,33,1,西风,1级,优
20230621,宜兴,--多云,32,24,75,2,无持续风向,0级,良
20230622,宜兴,多云,29,23,72,2,北风,1级,良
20230623,宜兴,多云,28,22,44,1,东南风,2级,优
20230624,宜兴,中雨-小雨,23,21,29,1,东南风,1级,优
20230625,宜兴,小雨-多云,26,23,37,1,东南风,1级,优
20230626,宜兴,大雨-多云,30,23,28,1,无持续风向,1级,优
20230627,宜兴,雾-多云,31,24,32,1,东南风,1级,优
20230628,宜兴,多云,34,25,42,1,东南风,1级,优
20230629,宜兴,多云,35,27,27,1,西南风,1级,优
20230630,宜兴,多云,29,24,29,1,无持续风向,1级,优
20230701,宜兴,大雨-多云,32,24,30,1,无持续风向,1级,优
20230702,宜兴,小雨-多云,32,24,45,1,东南风,1级,优
20230703,宜兴,多云,34,26,30,1,东南风,1级,优
20230704,宜兴,雾-多云,35,27,26,1,西风,1级,优
20230705,宜兴,小雨-晴,31,24,46,1,无持续风向,1级,优
20230706,宜兴,多云,35,26,36,1,无持续风向,1级,优
20230707,宜兴,雨-多云,34,27,34,1,西风,1级,优
20230708,宜兴,小雨-多云,30,26,23,1,北风,1级,优
20230709,宜兴,多云,34,27,26,1,西风,1级,优
20230710,宜兴,雨-多云,31,24,28,1,东南风,1级,优
20230711,宜兴,多云-晴,36,27,50,1,东南风,1级,优
20230712,宜兴,雾-多云,38,27,51,2,无持续风向,1级,良
20230713,宜兴,多云,34,28,42,1,北风,1级,优
20230714,宜兴,多云-阴,37,29,46,1,西风,1级,优
20230715,宜兴,阴-多云,33,27,43,1,西风,1级,优
20230716,宜兴,小雨-阴,31,24,43,1,无持续风向,1级,优
20230717,宜兴,雾-阴,32,25,41,1,东风,1级,优
20230718,宜兴,多云-小雨,34,26,22,1,北风,1级,优
20230719,宜兴,小雨-阴,29,26,33,1,东南风,1级,优
20230720,宜兴,小雨-阴,32,26,22,1,西南风,1级,优
20230721,宜兴,雨-阴,33,26,29,1,无持续风向,1级,优
20230722,宜兴,小雨-阴,30,25,23,1,东南风,1级,优
20230723,宜兴,雾-阴,32,25,25,1,东南风,1级,优
20230724,宜兴,雾-晴,34,27,32,1,无持续风向,1级,优
20230725,宜兴,雾-阴,33,28,40,1,东风,2级,优
20230726,宜兴,阴,32,29,24,1,东南风,2级,优
20230727,宜兴,阴-多云,31,27,22,1,东风,2级,优
20230728,宜兴,阴-小雨,28,26,17,1,东南风,2级,优
20230729,宜兴,小雨-阴,29,27,17,1,东南风,3级,优
20230730,宜兴,雨-多云,31,26,21,1,东南风,2级,优
20230731,宜兴,阴-多云,33,27,25,1,东南风,2级,优
20230801,宜兴,阴-多云,31,26,25,1,东风,1级,优
20230802,宜兴,多云,33,28,32,1,东风,1级,优
20230803,宜兴,多云,34,27,47,1,东风,1级,优
20230804,宜兴,多云-阴,35,27,37,1,北风,1级,优
20230805,宜兴,多云-阴,35,27,45,1,北风,1级,优
20230806,宜兴,雾-多云,36,28,46,1,无持续风向,1级,优
20230807,宜兴,中雨-阴,34,27,35,1,无持续风向,1级,优
20230808,宜兴,多云,34,27,43,1,无持续风向,1级,优
20230809,宜兴,多云-晴,34,26,39,1,无持续风向,1级,优
20230810,宜兴,雾-晴,35,25,65,2,西风,1级,良
20230811,宜兴,晴,34,26,82,2,无持续风向,1级,良
20230812,宜兴,晴,36,27,73,2,北风,1级,良
20230813,宜兴,晴,35,28,67,2,东南风,1级,良
20230814,宜兴,阴-多云,34,27,46,1,西风,1级,优
20230815,宜兴,雨-多云,33,25,35,1,无持续风向,1级,优
20230816,宜兴,阴-小雨,33,25,57,2,北风,1级,良
20230817,宜兴,中雨-阴,32,23,53,2,无持续风向,1级,良
20230818,宜兴,晴,32,24,50,1,东风,1级,优
20230819,宜兴,晴-多云,32,27,50,1,东风,2级,优
20230820,宜兴,晴-阴,33,28,50,1,东南风,2级,优
20230821,宜兴,雨-多云,35,26,50,1,东南风,1级,优
20230822,宜兴,小雨-多云,30,25,50,1,无持续风向,1级,优
20230823,宜兴,多云-晴,33,25,50,1,无持续风向,1级,优
20230824,宜兴,晴,32,25,50,1,北风,1级,优
20230825,宜兴,晴-多云,33,25,50,1,北风,1级,优
20230826,宜兴,阴-多云,32,27,50,1,东风,1级,优
20230827,宜兴,雨-多云,32,27,50,1,东南风,2级,优
20230828,宜兴,雨-阴,29,22,50,1,西北风,1级,优
20230829,宜兴,阴,26,22,50,1,无持续风向,1级,优
20230830,宜兴,中雨-阴,24,19,41,1,西南风,1级,优
20230831,宜兴,阴,26,19,41,1,北风,1级,优
20230901,宜兴,多云,30,20,33,1,北风,1级,优
20230902,宜兴,晴,31,20,48,1,北风,1级,优
20230903,宜兴,多云,29,23,54,2,北风,0级,良
20230904,宜兴,阴-多云,32,25,37,1,东风,1级,优
20230905,宜兴,多云-小雨,30,26,35,1,东风,1级,优
20230906,宜兴,多云,32,24,33,1,北风,1级,优
20230907,宜兴,多云-晴,31,25,57,2,东风,1级,良
20230908,宜兴,多云-晴,31,25,58,2,东南风,1级,良
20230909,宜兴,阴-晴,31,24,48,1,东风,1级,优
20230910,宜兴,多云-晴,31,23,58,2,东南风,1级,良
20230911,宜兴,多云,32,25,72,2,北风,1级,良
20230912,宜兴,暴雨-多云,28,24,46,1,北风,1级,优
20230913,宜兴,中雨-雨,25,22,28,1,无持续风向,1级,优
20230914,宜兴,阴,24,22,21,1,北风,1级,优
20230915,宜兴,小雨-阴,24,22,28,1,北风,1级,优
20230916,宜兴,小雨-多云,28,22,38,1,北风,1级,优
20230917,宜兴,多云-晴,30,21,55,2,北风,1级,良
20230918,宜兴,晴,32,23,64,2,北风,2级,良
20230919,宜兴,多云,32,26,64,2,东南风,1级,良
20230920,宜兴,小雨-晴,28,22,33,1,无持续风向,1级,优
20230921,宜兴,中雨-阴,23,18,28,1,无持续风向,1级,优
20230922,宜兴,中雨-小雨,21,19,30,1,东北风,2级,优
20230923,宜兴,中雨-小雨,23,18,24,1,东北风,3级,优
20230924,宜兴,阴-多云,23,21,39,1,东北风,2级,优
20230925,宜兴,阴-晴,28,21,53,2,西北风,2级,良
20230926,宜兴,多云,27,23,43,1,北风,0级,优
20230927,宜兴,多云,29,24,63,2,北风,1级,良
20230928,宜兴,多云,29,23,66,2,北风,1级,良
20230929,宜兴,多云,29,24,60,2,东风,1级,良
20230930,宜兴,雨-阴,25,21,38,1,西风,1级,优
20231001,宜兴,多云-晴,26,20,41,1,东风,1级,优
20231002,宜兴,晴-多云,24,20,30,1,东风,1级,优
20231003,宜兴,小雨-阴,23,19,30,1,东风,1级,优
20231004,宜兴,阴-晴,26,20,32,1,北风,1级,优
20231005,宜兴,多云,25,18,40,1,东风,1级,优
20231006,宜兴,多云,22,16,40,1,北风,1级,优
20231007,宜兴,小雨-阴,20,15,28,1,东北风,1级,优
20231008,宜兴,阴-多云,21,15,27,1,北风,1级,优
20231009,宜兴,晴-多云,24,16,60,2,西风,1级,良
20231010,宜兴,阴,22,17,66,2,北风,0级,良
20231011,宜兴,晴,24,16,43,1,北风,1级,优
20231012,宜兴,晴,24,14,44,1,北风,2级,优
20231013,宜兴,晴-阴,20,16,45,1,北风,1级,优
20231014,宜兴,晴-中雨,24,14,63,2,西风,1级,良
20231015,宜兴,晴,26,15,61,2,西风,1级,良
20231016,宜兴,晴,26,14,88,2,北风,2级,良
20231017,宜兴,雾-霾,25,13,95,2,北风,1级,良
20231018,宜兴,雾-霾,25,17,82,2,东南风,1级,良
20231019,宜兴,晴,28,15,84,2,北风,1级,良
20231020,宜兴,晴,21,13,32,1,西北风,1级,优
20231021,宜兴,晴,21,10,45,1,无持续风向,1级,优
20231022,宜兴,晴,21,10,63,2,北风,1级,良
20231023,宜兴,晴,24,13,56,2,北风,2级,良
20231024,宜兴,晴,27,15,56,2,北风,2级,良
20231025,宜兴,晴-多云,25,14,78,2,北风,2级,良
20231026,宜兴,多云-晴,26,16,114,3,北风,1级,轻度污染
20231027,宜兴,多云-阴,22,17,83,2,北风,1级,良
20231028,宜兴,晴,23,15,32,1,东南风,1级,优
20231029,宜兴,晴,23,14,49,1,东南风,1级,优
20231030,宜兴,晴,24,14,57,2,北风,2级,良
20231031,宜兴,晴,25,14,68,2,北风,2级,良
20231101,宜兴,晴,26,14,68,2,东南风,1级,良
20231102,宜兴,晴,26,16,58,2,东风,2级,良
20231103,宜兴,晴,28,14,63,2,北风,1级,良
20231104,宜兴,雾-霾,25,16,82,2,北风,1级,良
20231105,宜兴,阴-晴,28,16,55,2,无持续风向,2级,良
20231106,宜兴,晴,17,9,26,1,西风,3级,优
20231107,宜兴,晴,17,7,58,2,无持续风向,1级,良
20231108,宜兴,晴,20,13,66,2,东南风,1级,良
20231109,宜兴,雾-霾,18,13,77,2,北风,1级,良
20231110,宜兴,阴-雾,16,12,34,1,东北风,1级,优
20231111,宜兴,阴,14,10,29,1,东风,1级,优
20231112,宜兴,晴-阴,10,6,41,1,西风,2级,优
20231113,宜兴,雾-晴,12,4,45,1,西风,1级,优
20231114,宜兴,雾-晴,14,3,59,2,西风,1级,良
20231115,宜兴,雾-霾,14,3,114,3,北风,1级,轻度污染
20231116,宜兴,小雨-霾,14,8,95,2,西风,2级,良
20231117,宜兴,晴,16,7,95,2,西风,2级,良
20231118,宜兴,晴,14,3,47,1,西风,1级,优
20231119,宜兴,晴,17,3,55,2,北风,1级,良
20231120,宜兴,晴,19,5,85,2,北风,1级,良
20231121,宜兴,雾-霾,18,8,107,3,东南风,1级,轻度污染
20231122,宜兴,雾-晴,19,7,70,2,北风,1级,良
20231123,宜兴,晴-霾,20,10,99,2,西风,2级,良
20231124,宜兴,晴,12,5,45,1,无持续风向,1级,优
20231125,宜兴,晴,14,6,40,1,东风,2级,优
20231126,宜兴,多云-雾,12,8,58,2,无持续风向,1级,良
20231127,宜兴,雾-晴,18,6,72,2,西风,1级,良
20231128,宜兴,晴-霾,16,8,100,2,无持续风向,1级,良
20231129,宜兴,雾-霾,18,7,96,2,无持续风向,1级,良
20231130,宜兴,多云-阴,10,6,32,1,西风,1级,优
20231201,宜兴,晴,9,1,49,1,西风,1级,优
20231202,宜兴,晴,11,1,74,2,北风,1级,良
20231203,宜兴,多云-雾,12,1,105,3,北风,0级,轻度污染
20231204,宜兴,晴-霾,11,1,126,3,北风,1级,轻度污染
20231205,宜兴,霾,15,2,102,3,北风,2级,轻度污染
20231206,宜兴,多云-晴,18,6,92,2,西风,2级,良
20231207,宜兴,晴,17,4,118,3,东南风,1级,轻度污染
20231208,宜兴,晴,19,5,72,2,北风,2级,良
20231209,宜兴,多云-阴,19,9,88,2,北风,2级,良
20231210,宜兴,雾-霾,14,11,76,2,无持续风向,1级,良
20231211,宜兴,阴-雾,11,5,18,1,西北风,2级,优
20231212,宜兴,小雨-霾,6,4,53,2,西北风,2级,良
20231213,宜兴,雾-霾,11,5,61,2,东南风,2级,良
20231214,宜兴,雾-霾,18,11,79,2,无持续风向,1级,良
20231215,宜兴,阴-雾,12,1,28,1,西北风,2级,优
20231216,宜兴,晴-阴,1,-1,47,1,西北风,2级,优
20231217,宜兴,晴,1,-2,25,1,无持续风向,1级,优
20231218,宜兴,阴,1,0,45,1,北风,1级,优
20231219,宜兴,雪,1,1,65,2,西北风,1级,良
20231220,宜兴,晴-霾,2,-2,78,2,西风,1级,良
20231221,宜兴,晴,-1,-4,41,1,西北风,2级,优
20231222,宜兴,晴,-1,-6,41,1,西风,1级,优
20231223,宜兴,雾-阴,2,-4,50,1,北风,1级,优
20231224,宜兴,雾-晴,6,-5,81,2,北风,2级,良
20231225,宜兴,雾-雨,6,-4,98,2,北风,2级,良
20231226,宜兴,雾-霾,7,-2,99,2,北风,2级,良
20231227,宜兴,雾-霾,12,2,169,4,北风,2级,中度污染
20231228,宜兴,雾-霾,13,1,174,4,北风,2级,中度污染
20231229,宜兴,雾,7,2,143,3,东南风,1级,轻度污染
20231230,宜兴,雾,10,4,102,3,北风,2级,轻度污染
20231231,宜兴,雾,9,2,182,4,西风,1级,中度污染
20240101,宜兴,雾-霾,6,0,163,4,北风,1级,中度污染
20240102,宜兴,雾-霾,8,-1,118,3,北风,1级,轻度污染
20240103,宜兴,雾-霾,7,0,107,3,西风,2级,轻度污染
20240104,宜兴,雾-霾,9,-1,111,3,北风,2级,轻度污染
20240105,宜兴,多云-小雨,11,4,117,3,西北风,1级,轻度
20240106,宜兴,雾-霾,12,1,193,4,北风,2级,中度污染
20240107,宜兴,雾-晴,8,1,96,2,北风,1级,良
20240108,宜兴,晴-多云,7,3,38,1,东风,2级,优
20240109,宜兴,雾-霾,13,2,112,3,无持续风向,1级,轻度污染
20240110,宜兴,雾-霾,7,0,135,3,西北风,2级,轻度污染
20240111,宜兴,雾-霾,10,-2,132,3,北风,1级,轻度污染
20240112,宜兴,雾-霾,17,1,105,3,北风,2级,轻度污染
20240113,宜兴,霾,15,2,159,4,北风,2级,中度污染
20240114,宜兴,雾-晴,20,4,161,4,无持续风向,1级,中度污染
20240115,宜兴,晴,8,2,41,1,无持续风向,1级,优
20240116,宜兴,晴,10,3,35,1,东风,2级,优
20240117,宜兴,晴,16,7,55,2,东南风,1级,良
20240118,宜兴,小雨-雾,9,6,35,1,西风,1级,优
20240119,宜兴,雨,7,5,32,1,东北风,1级,优
20240120,宜兴,阴,5,3,57,2,西北风,2级,良
20240121,宜兴,阴-雾,3,1,61,2,西风,1级,良
20240122,宜兴,多云-晴,1,-3,39,1,西风,2级,优
20240123,宜兴,晴,-1,-5,30,1,西风,2级,优
20240124,宜兴,晴,4,-3,45,1,西风,2级,优
20240125,宜兴,晴,6,-2,68,2,西风,1级,良
20240126,宜兴,晴,6,-3,93,2,西风,1级,良
20240127,宜兴,霾-阴,7,-2,121,3,北风,1级,轻度污染
20240128,宜兴,雾-晴,10,-2,114,3,北风,1级,轻度污染
20240129,宜兴,雾-霾,9,1,140,3,东风,1级,轻度污染
20240130,宜兴,雨-雾,9,6,74,2,东南风,1级,良
20240131,宜兴,雾-阴,10,8,41,1,北风,1级,优
20240201,宜兴,阴-雾,9,3,24,1,东北风,1级,优
20240202,宜兴,小雨-阴,4,1,28,1,东北风,1级,优
20240203,宜兴,阴-雨,3,2,26,1,西风,1级,优
20240204,宜兴,雾,3,1,42,1,无持续风向,1级,优
20240205,宜兴,雾-阴,1,0,60,2,西风,2级,良
20240206,宜兴,霾,2,1,83,2,西风,1级,良
20240207,宜兴,雾-霾,4,1,71,2,西风,1级,良
20240208,宜兴,霾,7,0,130,3,西风,1级,轻度污染
20240209,宜兴,雾-霾,11,-1,156,4,无持续风向,1级,中度污染
20240210,宜兴,霾,14,1,219,5,北风,2级,重度污染
20240211,宜兴,霾,14,3,131,3,无持续风向,1级,轻度污染
20240212,宜兴,晴,16,2,86,2,东南风,2级,良
20240213,宜兴,晴-多云,17,6,53,2,东南风,1级,良
20240214,宜兴,多云,20,6,58,2,北风,2级,良
20240215,宜兴,阴-雾,14,5,63,2,北风,1级,良
20240216,宜兴,晴,9,2,27,1,北风,2级,优
20240217,宜兴,晴-阴,14,6,36,1,东南风,2级,优
20240218,宜兴,晴,21,10,36,1,东南风,2级,优
20240219,宜兴,雾,18,6,38,1,北风,1级,优
20240220,宜兴,阴,7,6,22,1,东风,1级,优
20240221,宜兴,阴,7,1,16,1,无持续风向,1级,优
20240222,宜兴,雾-阴,1,0,25,1,西风,1级,优
20240223,宜兴,阴,0,-1,44,1,西北风,2级,优
20240224,宜兴,多云,0,0,58,2,西风,2级,良
20240225,宜兴,雾-多云,4,1,71,2,西风,2级,良
20240226,宜兴,雾-多云,8,1,94,2,无持续风向,1级,良
20240227,宜兴,多云-晴,9,1,58,2,北风,1级,良
20240228,宜兴,雾,5,2,56,2,无持续风向,1级,良
20240229,宜兴,雨-雾,5,3,37,1,西风,2级,优
20240301,宜兴,晴,6,0,47,1,无持续风向,1级,优
20240302,宜兴,晴,8,-1,66,2,无持续风向,1级,良
20240303,宜兴,雾-霾,12,1,80,2,东风,2级,良
20240304,宜兴,多云,10,7,54,2,东南风,2级,良
20240305,宜兴,阴,11,7,40,1,西风,2级,优
20240306,宜兴,霾-多云,9,5,63,2,西风,2级,良
20240307,宜兴,雾-晴,12,1,74,2,北风,1级,良
20240308,宜兴,雾-晴,13,4,100,2,西风,1级,良
20240309,宜兴,雾-晴,12,1,102,3,东风,1级,轻度污染
20240310,宜兴,晴,14,6,80,2,东风,2级,良
20240311,宜兴,阴-晴,20,8,60,2,西风,1级,良
20240312,宜兴,晴,18,8,104,3,西风,1级,轻度污染
20240313,宜兴,多云,14,5,55,2,东南风,1级,良
20240314,宜兴,阴,14,10,78,2,东南风,1级,良
20240315,宜兴,雾-霾,18,6,94,2,东风,2级,良
20240316,宜兴,雾-霾,20,12,55,2,东南风,1级,良
20240317,宜兴,阴-雾,16,8,77,2,东北风,1级,良
20240318,宜兴,阴,10,7,73,2,无持续风向,1级,良
20240319,宜兴,雾-晴,18,5,79,2,西风,1级,良
20240320,宜兴,晴,20,5,97,2,北风,1级,良
20240321,宜兴,晴-霾,20,9,76,2,东南风,2级,良
20240322,宜兴,晴,24,12,69,2,东南风,2级,良
20240323,宜兴,雾-霾,22,14,92,2,北风,1级,良
20240324,宜兴,雾,18,15,59,2,北风,1级,良
20240325,宜兴,阴-雾,16,10,49,1,西风,2级,优
20240326,宜兴,阴-多云,16,9,34,1,西风,2级,优
20240327,宜兴,多云,14,8,72,2,东风,2级,良
20240328,宜兴,晴-多云,16,10,47,1,无持续风向,2级,优
20240329,宜兴,晴,30,9,43,1,西风,2级,优
20240330,宜兴,多云-晴,28,13,61,2,北风,2级,良
20240331,宜兴,阴-多云,22,14,97,2,北风,2级,良
20240401,宜兴,晴-多云,24,13,96,2,东风,2级,良
20240402,宜兴,阴,20,16,40,1,东南风,2级,优
20240403,宜兴,阴,20,13,31,1,西风,2级,优
20240404,宜兴,多云-晴,18,12,55,2,北风,1级,良
20240405,宜兴,晴,19,9,50,1,东风,1级,优
20240406,宜兴,阴,14,11,64,2,北风,1级,良
20240407,宜兴,阴-多云,14,12,50,1,东风,1级,优
20240408,宜兴,多云,14,10,30,1,北风,1级,优
20240409,宜兴,阴-晴,22,9,67,2,无持续风向,1级,良
20240410,宜兴,多云-阴,21,14,57,2,东风,2级,良
20240411,宜兴,阴-多云,20,15,62,2,东风,1级,良
20240412,宜兴,阴,19,17,55,2,北风,1级,良
20240413,宜兴,多云-阴,23,16,35,1,东风,1级,优
20240414,宜兴,阴,22,16,32,1,东风,2级,优
20240415,宜兴,多云,26,19,52,2,西风,1级,良
20240416,宜兴,阴,26,19,75,2,东风,1级,良
20240417,宜兴,阴,19,12,38,1,东风,1级,优
20240418,宜兴,晴,22,9,74,2,无持续风向,1级,良
20240419,宜兴,阴,20,16,78,2,东南风,2级,良
20240420,宜兴,多云-阴,22,16,47,1,西风,2级,优
20240421,宜兴,阴,21,15,35,1,北风,1级,优
20240422,宜兴,阴-多云,21,17,59,2,东南风,1级,良
20240423,宜兴,雨-多云,22,16,52,2,东南风,1级,良
20240424,宜兴,晴-多云,25,12,63,2,东南风,1级,良
20240425,宜兴,多云-阴,22,18,56,2,东南风,2级,良
20240426,宜兴,多云,23,17,60,2,东南风,1级,良
20240427,宜兴,多云,22,18,49,1,东风,1级,优
20240428,宜兴,阴,20,18,31,1,东风,2级,优
20240429,宜兴,阴,23,17,30,1,西风,1级,优
20240430,宜兴,阴,17,12,47,1,无持续风向,1级,优
20240501,宜兴,阴-晴,23,11,43,1,西风,1级,优
20240502,宜兴,多云,21,11,43,1,东风,1级,优
20240503,宜兴,多云-阴,21,16,45,1,东风,2级,优
20240504,宜兴,阴,18,16,48,1,东风,2级,优
20240505,宜兴,阴,21,17,40,1,西风,2级,优
20240506,宜兴,多云,27,15,45,1,西风,2级,优
20240507,宜兴,阴-多云,27,17,80,2,北风,1级,良
20240508,宜兴,晴,26,15,50,1,无持续风向,1级,优
20240509,宜兴,晴-阴,25,11,48,1,东风,2级,优
20240510,宜兴,晴,28,16,66,2,东南风,2级,良
20240511,宜兴,阴,23,19,50,1,东南风,1级,优
20240512,宜兴,多云-阴,24,15,84,2,北风,1级,良
20240513,宜兴,晴,26,13,86,2,北风,1级,良
20240514,宜兴,晴,27,17,87,2,东南风,1级,良
20240515,宜兴,晴,25,15,58,2,无持续风向,1级,良
20240516,宜兴,晴,27,12,44,1,无持续风向,1级,优
20240517,宜兴,晴,31,16,75,2,东风,1级,良
20240518,宜兴,晴,30,21,76,2,东风,2级,良
20240519,宜兴,多云,27,21,45,1,东风,2级,优
20240520,宜兴,阴-多云,27,21,52,2,东风,1级,良
20240521,宜兴,阴,27,22,36,1,东风,2级,优
20240522,宜兴,阴-多云,27,21,44,1,东风,1级,优
20240523,宜兴,多云,28,21,61,2,东南风,1级,良
20240524,宜兴,阴-晴,30,22,59,2,东南风,1级,良
20240525,宜兴,多云,27,23,43,1,东风,2级,优
20240526,宜兴,多云-阴,35,23,46,1,东南风,1级,优
20240527,宜兴,阴,24,18,35,1,东风,1级,优
20240528,宜兴,晴,27,16,38,1,西风,1级,优
20240529,宜兴,多云-晴,27,17,47,1,东风,2级,优
20240530,宜兴,小雨-阴,23,19,45,1,东南风,2级,优
20240531,宜兴,雨-阴,23,19,51,2,西风,1级,良
20240601,宜兴,阴-多云,26,18,55,2,东风,1级,良
20240602,宜兴,阴-多云,26,20,44,1,东南风,1级,优
20240603,宜兴,阴-晴,30,19,60,2,北风,1级,良
20240604,宜兴,多云,29,19,64,2,东风,1级,良
20240605,宜兴,小雨-阴,23,17,56,2,东风,1级,良
20240606,宜兴,阴,21,18,41,1,东南风,1级,优
20240607,宜兴,多云,24,20,39,1,东南风,1级,优
20240608,宜兴,多云,31,20,62,2,北风,1级,良
20240609,宜兴,阴-多云,30,23,76,2,东南风,1级,良
20240610,宜兴,阴,25,22,46,1,东南风,2级,优
20240611,宜兴,阴-多云,26,22,33,1,东风,1级,优
20240612,宜兴,阴-多云,30,23,50,1,东南风,1级,优
20240613,宜兴,晴-多云,31,21,87,2,东南风,1级,良
20240614,宜兴,多云,30,24,77,2,东南风,1级,良
20240615,宜兴,多云-晴,33,24,74,2,东南风,1级,良
20240616,宜兴,多云-阴,32,25,59,2,东风,1级,良
20240617,宜兴,阴-晴,30,25,55,2,东风,1级,良
20240618,宜兴,晴-多云,30,22,62,2,东风,2级,良
20240619,宜兴,阴,25,23,29,1,东风,1级,优
20240620,宜兴,中雨-晴,30,24,25,1,无持续风向,1级,优
20240621,宜兴,雨-阴,27,25,34,1,东风,1级,优
20240622,宜兴,雨-阴,27,25,28,1,西南风,1级,优
20240623,宜兴,阴,26,22,29,1,无持续风向,1级,优
20240624,宜兴,多云,30,22,34,1,无持续风向,1级,优
20240625,宜兴,阴,25,23,29,1,东风,1级,优
20240626,宜兴,多云,24,22,40,1,东北风,1级,优
20240627,宜兴,阴,25,23,28,1,西南风,1级,优
20240628,宜兴,阴,25,22,17,1,东风,1级,优
20240629,宜兴,小雨-阴,29,24,20,1,东南风,2级,优
20240630,宜兴,大雨-小雨,26,24,15,1,东南风,1级,优
20240701,宜兴,中雨-阴,29,24,29,1,东南风,2级,优
20240702,宜兴,阴,32,24,32,1,东风,1级,优
20240703,宜兴,多云,32,24,28,1,北风,1级,优
20240704,宜兴,多云-晴,38,26,33,1,西南风,1级,优
20240705,宜兴,多云,36,28,32,1,东风,1级,优
20240706,宜兴,晴-多云,36,28,29,1,西南风,1级,优
20240707,宜兴,晴-多云,38,26,30,1,无持续风向,1级,优
20240708,宜兴,多云-阴,38,27,29,1,西南风,1级,优
20240709,宜兴,多云-阴,35,27,32,1,西南风,1级,优
20240710,宜兴,阴,31,26,28,1,西南风,1级,优
20240711,宜兴,阴,26,23,37,1,北风,1级,优
20240712,宜兴,多云,27,24,32,1,无持续风向,1级,优
20240713,宜兴,小雨-阴,32,24,23,1,西南风,1级,优
20240714,宜兴,多云-阴,28,25,16,1,无持续风向,1级,优
20240715,宜兴,阴,32,26,47,1,东风,1级,优
20240716,宜兴,阴-多云,34,28,63,2,东南风,1级,良
20240717,宜兴,阴,34,28,38,1,东南风,2级,优
20240718,宜兴,多云,36,28,26,1,南风,2级,优
20240719,宜兴,多云,37,29,34,1,无持续风向,2级,优
20240720,宜兴,多云-阴,37,29,37,1,无持续风向,2级,优
20240721,宜兴,多云,36,29,37,1,东南风,2级,优
20240722,宜兴,多云,36,29,50,1,东南风,3级,优
20240723,宜兴,晴-多云,35,30,41,1,东南风,3级,优
20240724,宜兴,晴-多云,34,30,24,1,东南风,4级,优
20240725,宜兴,阴-多云,33,28,28,1,东风,4级,优
20240726,宜兴,阴,31,27,28,1,东风,5级,优
20240727,宜兴,阴,31,28,21,1,东南风,4级,优
20240728,宜兴,晴-多云,34,28,26,1,东南风,4级,优
20240729,宜兴,晴,34,28,30,1,东南风,3级,优
20240730,宜兴,晴-多云,34,29,34,1,东南风,3级,优
20240731,宜兴,晴-多云,35,29,32,1,东南风,2级,优
